Study,Variant
Hu et al.,rs36142300
Colona et al.,rs769208985
Covid-19 group,rs545971
GenOMIC,rs73064425
Hu et al.,rs78698341
Colona et al.,rs150892504
Covid-19 group,rs657152
GenOMIC,rs9380142
Hu et al.,rs182681727
Colona et al.,rs138763430
GenOMIC,rs143334143
Hu et al.,rs4346407
Colona et al.,rs147149459
GenOMIC,rs3131294
Hu et al.,rs6434778
Colona et al.,rs117665206
GenOMIC,rs10735079
Hu et al.,rs7584942
Colona et al.,rs114363287
GenOMIC,rs2109069
Hu et al.,rs11677741
Colona et al.,rs61756766
GenOMIC,rs74956615
Hu et al.,rs13402652
Colona et al.,rs7626962
GenOMIC,rs2236757
Hu et al.,rs12614118
Colona et al.,rs1805128
Hu et al.,rs10931697
Colona et al.,rs72711165
Hu et al.,rs11674207
Colona et al.,rs115492982
Hu et al.,rs10931698
Hu et al.,rs1542865
Colona et al.,rs2034831
Hu et al.,rs16841170
Colona et al.,rs76374459
Hu et al.,rs73058388
Colona et al.,rs35652899
Hu et al.,rs73058392
Colona et al.,rs10490770
Hu et al.,rs73058393
Colona et al.,rs333
Hu et al.,rs1500604
Hu et al.,rs111490104
Colona et al.,rs11385942
Hu et al.,rs61554989
Colona et al.,rs1886814
Hu et al.,rs6705003
Colona et al.,rs76488148
Hu et al.,rs73060484
Colona et al.,rs2271616
Hu et al.,rs56665249
Hu et al.,rs74446597
Colona et al.,rs12252
Hu et al.,rs115471676
Colona et al.,rs4801778
Hu et al.,rs77578623
Colona et al.,rs6598045
Hu et al.,rs11885086
Colona et al.,rs429358
Hu et al.,rs78856931
Colona et al.,rs12610495
Hu et al.,rs142172903
Colona et al.,rs12329760
Hu et al.,rs74417002
Colona et al.,rs2298661
Hu et al.,rs76910237
Colona et al.,rs3787946
Hu et al.,rs115352051
Colona et al.,rs9983330
Hu et al.,rs75314384
Hu et al.,rs73070529
Hu et al.,rs144301033
Colona et al.,rs9985159
Hu et al.,rs57201664
Colona et al.,Rs75603675
Hu et al.,rs112443640
Colona et al.,rs1405655
Hu et al.,rs11896399
Covid-19 group,rs17214952
Hu et al.,rs11901900
Hu et al.,rs113892140
Colona et al.,rs677800
Hu et al.,rs4578880
Colona et al.,rs6020298
Hu et al.,rs200008298
Hu et al.,rs183712207
Colona et al.,rs8065800
Hu et al.,rs191631470
Colona et al.,rs10774671
Hu et al.,rs2176724
Colona et al.,rs13050728
Hu et al.,rs147853699
Hu et al.,rs71040457
Hu et al.,rs6711514
Colona et al.,rs140312271
Hu et al.,rs34011564
Hu et al.,rs117928001
Hu et al.,rs139385073
Hu et al.,rs58638359
Hu et al.,rs117813413
Hu et al.,rs112697374
Hu et al.,rs142112285
Hu et al.,rs73788817
Hu et al.,rs117406405
Hu et al.,rs117668778
Hu et al.,rs138108867
Hu et al.,rs117155560
Hu et al.,rs117620146
Hu et al.,rs116898161
Hu et al.,rs73788833
Hu et al.,rs118022104
Hu et al.,rs117739744
Hu et al.,rs148906599
Hu et al.,rs79659451
Hu et al.,rs117793403
Hu et al.,rs17076671
Hu et al.,rs118150890
Hu et al.,rs144888374
Hu et al.,rs149045958
Hu et al.,rs9485155
Hu et al.,rs79237089
Hu et al.,rs73788845
Hu et al.,rs568341244
Hu et al.,rs201745177
Hu et al.,rs118031434
Hu et al.,rs117826399
Hu et al.,rs9497729
Hu et al.,rs76364924
Hu et al.,rs117483088
Hu et al.,rs116841115
Hu et al.,rs6921496
Hu et al.,rs140618972
Hu et al.,rs80096466
Hu et al.,rs118119191
Hu et al.,rs138150136
Hu et al.,rs10499247
Hu et al.,rs79378281
Hu et al.,rs141169020
Hu et al.,rs140169249
Hu et al.,rs118000456
Hu et al.,rs7743335
Hu et al.,rs77337125
Hu et al.,rs117920436
Hu et al.,rs79747617
Hu et al.,rs117486328
Hu et al.,rs117810535
Hu et al.,rs9485159
Hu et al.,rs75775640
Hu et al.,rs77912184
Hu et al.,rs77553581
Hu et al.,rs61120449
Hu et al.,rs9497740
Hu et al.,rs117405836
Hu et al.,rs78796227
Hu et al.,rs117170230
Hu et al.,rs79107005
Hu et al.,rs118152767
Hu et al.,rs117009437
Hu et al.,rs74966121
Hu et al.,rs117942101
Hu et al.,rs17076689
Hu et al.,rs77234195
Hu et al.,rs78617110
Hu et al.,rs117453595
Hu et al.,rs117583396
Hu et al.,rs117535110
Hu et al.,rs147458086
Hu et al.,rs9497747
Hu et al.,rs117235513
Hu et al.,rs117463826
Hu et al.,rs78684105
Hu et al.,rs79211513
Hu et al.,rs117704602
Hu et al.,rs141785076
Hu et al.,rs117136022
Hu et al.,rs180680681
Hu et al.,rs184939971
Hu et al.,rs201971768
Hu et al.,rs117824912
Hu et al.,rs117481329
Hu et al.,rs79750405
Hu et al.,rs117917771
Hu et al.,rs78795351
Hu et al.,rs41285881
Hu et al.,rs58371914
Hu et al.,rs117551998
Hu et al.,rs445693
Hu et al.,rs1636305
Hu et al.,rs1637073
Hu et al.,rs7806543
Hu et al.,rs13227460
Hu et al.,rs55986907
Hu et al.,rs7817272
Hu et al.,rs4735444
Hu et al.,rs1431889
Hu et al.,rs2874140
Hu et al.,rs531453964
Hu et al.,rs7007951
Hu et al.,rs920576
Hu et al.,rs9804313
Hu et al.,rs34974391
Hu et al.,rs9804218
Hu et al.,rs12777065
Hu et al.,rs4545447
Hu et al.,rs2384529
Hu et al.,rs201125676
Hu et al.,rs34638574
Hu et al.,rs117422725
Hu et al.,rs10825470
Hu et al.,rs2301762
Hu et al.,rs60811869
Hu et al.,rs60849750
Hu et al.,rs117217714
